X,Y
3.4959452541666667,1.9771952679166669
1.9771952679166669,0.218861968625
0.218861968625,1.801361969916667
1.801361969916667,-0.4161379920833333
-0.4161379920833333,-3.243221395833333
-3.243221395833333,-2.7278047138750003
-2.7278047138750003,0.3713619804166665
0.3713619804166665,0.11177863575
0.11177863575,1.6751119404166666
1.6751119404166666,3.364695225333333
3.364695225333333,6.415112033333334
6.415112033333334,2.3463619833333333
2.3463619833333333,0.3338619902083332
0.3338619902083332,-0.2061380209583333
-0.2061380209583333,-1.3453047383333334
-1.3453047383333334,-2.2861380474999997
-2.2861380474999997,-1.9428047394166663
-1.9428047394166663,-1.986554724166667
-1.986554724166667,-2.1032214091666668
-2.1032214091666668,-1.00905471625
-1.00905471625,-0.3703046955416666
-0.3703046955416666,-1.3532213926666663
-1.3532213926666663,-2.2069713959166664
-2.2069713959166664,-2.9561380634583343
-2.9561380634583343,-1.1836380506666666
-1.1836380506666666,2.6163619020833337
2.6163619020833337,4.668028658333333
4.668028658333333,5.268862020833333
5.268862020833333,6.274278591666666
6.274278591666666,8.240945529166666
8.240945529166666,9.545528958333334
9.545528958333334,8.614278870833333
8.614278870833333,8.715945516666666
8.715945516666666,5.5080286166666665
5.5080286166666665,4.438861916666667
4.438861916666667,4.844695220833334
4.844695220833334,4.213445245833333
4.213445245833333,4.9038618625
4.9038618625,2.6409452765416663
2.6409452765416663,3.49677865125
3.49677865125,5.723445379166667
5.723445379166667,7.113445354166668
7.113445354166668,4.52552866
4.52552866,4.910112061583333
4.910112061583333,8.327612137500001
8.327612137500001,9.688028908333337
9.688028908333337,8.185112166666666
8.185112166666666,6.829695370833334
6.829695370833334,5.260112015833334
5.260112015833334,7.581778875
7.581778875,10.5571956875
10.5571956875,10.433862375
10.433862375,11.746362262500002
11.746362262500002,5.602195275
5.602195275,4.770945383749999
4.770945383749999,8.192612095833333
8.192612095833333,10.05136215
10.05136215,8.136362162499998
8.136362162499998,6.387195391666668
6.387195391666668,9.070112245833334
9.070112245833334,7.905112116666667
7.905112116666667,8.0826120875
8.0826120875,6.661778712499999
6.661778712499999,4.995945266666666
4.995945266666666,5.3492785125
5.3492785125,6.309695495833334
6.309695495833334,10.1459456875
10.1459456875,8.705528825
8.705528825,8.916778829166665
8.916778829166665,10.910945470833331
10.910945470833331,8.096362141666667
8.096362141666667,10.098028808333334
10.098028808333334,10.459278879166666
10.459278879166666,11.2246954375
11.2246954375,12.310528937499996
12.310528937499996,9.952612375
9.952612375,12.638029020833336
12.638029020833336,12.064695708333332
12.064695708333332,9.647195529166664
9.647195529166664,8.376778829166666
8.376778829166666,11.589695833333336
11.589695833333336,12.40344575
12.40344575,11.033445641666669
11.033445641666669,9.003028841666668
9.003028841666668,10.561779020833333
10.561779020833333,13.810112500000002
13.810112500000002,13.768029125
13.768029125,14.755529183333335
14.755529183333335,16.035945625
16.035945625,12.925529020833336
12.925529020833336,12.072612354166663
12.072612354166663,12.811779020833336
12.811779020833336,11.476779008333333
11.476779008333333,10.652612129166668
10.652612129166668,9.20011224166667
9.20011224166667,9.898862179166668
9.898862179166668,12.644695691666668
12.644695691666668,16.3263625625
16.3263625625,16.18719570833333
16.18719570833333,10.812612304166665
10.812612304166665,11.860112237499996
11.860112237499996,12.066779020833335
12.066779020833335,11.859279020833332
11.859279020833332,11.598862375
11.598862375,10.027195708333332
10.027195708333332,9.5805289625
9.5805289625,5.032611845833333
5.032611845833333,3.300528534583333
3.300528534583333,4.130528705166667
4.130528705166667,7.935112251666666
7.935112251666666,10.751778862500002
10.751778862500002,8.611362120833334
8.611362120833334,11.148862270833332
11.148862270833332,9.9038622125
9.9038622125,5.035528666666667
5.035528666666667,6.540528666666666
6.540528666666666,7.400945404166667
7.400945404166667,8.867612141666667
8.867612141666667,11.2971955625
11.2971955625,8.768028895833332
8.768028895833332,9.3063621875
9.3063621875,11.175945625
11.175945625,11.085529041666666
11.085529041666666,13.26136239583333
13.26136239583333,13.429278979166666
13.429278979166666,12.828862395833331
12.828862395833331,11.569279020833331
11.569279020833331,10.4209455125
10.4209455125,12.869695770833331
12.869695770833331,16.124695875
16.124695875,15.698445812500005
15.698445812500005,15.714279208333336
15.714279208333336,15.243862625000004
15.243862625000004,16.31094577083333
16.31094577083333,18.251362500000003
18.251362500000003,20.62427925
20.62427925,18.979696083333327
18.979696083333327,11.307195666666669
11.307195666666669,11.818862283333337
11.818862283333337,14.91719585416667
14.91719585416667,17.2863624375
17.2863624375,19.7913625
19.7913625,18.18011245833333
18.18011245833333,17.934695874999996
17.934695874999996,18.34969591666667
18.34969591666667,21.351779125000004
21.351779125000004,24.554279333333337
24.554279333333337,25.008029208333337
25.008029208333337,22.55802916666667
22.55802916666667,20.39969575
20.39969575,20.68969608333333
20.68969608333333,20.93469608333333
20.93469608333333,20.93136245833333
20.93136245833333,17.012612416666666
17.012612416666666,15.275945833333331
15.275945833333331,15.042195895833336
15.042195895833336,13.311362625
13.311362625,17.436362520833335
17.436362520833335,18.719695708333333
18.719695708333333,19.885946
19.885946,23.032612333333333
23.032612333333333,22.543445708333333
22.543445708333333,19.339695916666667
19.339695916666667,22.062195916666667
22.062195916666667,23.510945916666667
23.510945916666667,20.038029291666664
20.038029291666664,17.950945812500006
17.950945812500006,19.8255289375
19.8255289375,22.86552933333334
22.86552933333334,26.41552925
26.41552925,26.85677933333333
26.85677933333333,27.688445708333337
27.688445708333337,24.992195958333337
24.992195958333337,22.507195875000004
22.507195875000004,21.805112375
21.805112375,22.947195625000003
22.947195625000003,23.683446166666663
23.683446166666663,19.960945916666663
19.960945916666663,16.23552922916667
16.23552922916667,16.458862437500002
16.458862437500002,15.541362750000005
15.541362750000005,15.790529083333332
15.790529083333332,18.84636245833333
18.84636245833333,21.50469612500001
21.50469612500001,24.18844595833333
24.18844595833333,26.12011245833333
26.12011245833333,26.331779291666663
26.331779291666663,26.2296955
26.2296955,23.890112833333333
23.890112833333333,21.206779208333334
21.206779208333334,18.710945791666667
18.710945791666667,20.405529416666667
20.405529416666667,18.867612375
18.867612375,18.776362625
18.776362625,17.677195895833332
17.677195895833332,20.059695812500006
20.059695812500006,22.697196124999994
22.697196124999994,24.18052916666667
24.18052916666667,26.050945666666674
26.050945666666674,23.033445791666665
23.033445791666665,22.816779375
22.816779375,22.653029208333336
22.653029208333336,20.651362625
20.651362625,17.501362791666665
17.501362791666665,14.853029125
14.853029125,17.98969575
17.98969575,19.9105295
19.9105295,21.2413625
21.2413625,23.28719595833333
23.28719595833333,24.515529125
24.515529125,25.365945833333328
25.365945833333328,26.790112583333336
26.790112583333336,25.480529333333337
25.480529333333337,27.289696041666662
27.289696041666662,23.801779291666666
23.801779291666666,24.018029375
24.018029375,19.426779291666666
19.426779291666666,20.26052875
20.26052875,19.53177916666667
19.53177916666667,18.88344595833333
18.88344595833333,14.459695708333332
14.459695708333332,14.642195791666666
14.642195791666666,18.06969570833333
18.06969570833333,19.991779208333337
19.991779208333337,21.89261275
21.89261275,24.59927920833333
24.59927920833333,23.218862583333333
23.218862583333333,23.95844595833333
23.95844595833333,23.0226125
23.0226125,18.693445979166672
18.693445979166672,17.6996958125
17.6996958125,18.06094570833333
18.06094570833333,20.536779375
20.536779375,23.245945958333326
23.245945958333326,24.051778916666663
24.051778916666663,25.800529291666667
25.800529291666667,26.04011275
26.04011275,26.17261291666667
26.17261291666667,26.043445458333327
26.043445458333327,24.45552945833333
24.45552945833333,25.450112791666676
25.450112791666676,17.799279208333335
17.799279208333335,15.450112458333336
15.450112458333336,14.683028958333333
14.683028958333333,15.7596958125
15.7596958125,17.033445708333332
17.033445708333332,20.89094577083333
20.89094577083333,19.336779375
19.336779375,16.765529124999997
16.765529124999997,16.918029354166666
16.918029354166666,17.008445958333336
17.008445958333336,15.196779125000004
15.196779125000004,14.467195854166668
14.467195854166668,13.8109456875
13.8109456875,17.625529208333337
17.625529208333337,14.572612520833331
14.572612520833331,12.773445591666666
12.773445591666666,11.1559456875
11.1559456875,11.561362295833334
11.561362295833334,11.929279041666666
11.929279041666666,11.720112333333333
11.720112333333333,13.215529208333331
13.215529208333331,13.735529158333335
13.735529158333335,16.325945750000006
16.325945750000006,17.019695625
17.019695625,15.926779229166664
15.926779229166664,16.016362583333336
16.016362583333336,16.418862229166667
16.418862229166667,17.830529125
17.830529125,19.211362541666663
19.211362541666663,19.47052933333333
19.47052933333333,15.850945666666664
15.850945666666664,13.808862416666663
13.808862416666663,16.243029041666667
16.243029041666667,15.174279125000004
15.174279125000004,13.173862479166669
13.173862479166669,14.623029062499995
14.623029062499995,10.607612354166667
10.607612354166667,11.551362224999998
11.551362224999998,12.137612354166668
12.137612354166668,12.495112395833331
12.495112395833331,13.348028904166668
13.348028904166668,15.363862458333337
15.363862458333337,15.790945895833332
15.790945895833332,16.141779041666666
16.141779041666666,17.16302902083333
17.16302902083333,17.44719570833333
17.44719570833333,18.025112458333336
18.025112458333336,18.1863625625
18.1863625625,16.405945874999997
16.405945874999997,16.35844575
16.35844575,16.609695812499996
16.609695812499996,17.527612583333333
17.527612583333333,10.205112333333332
10.205112333333332,10.175112308333334
10.175112308333334,13.858862395833333
13.858862395833333,15.633029270833331
15.633029270833331,16.270945770833332
16.270945770833332,13.360529020833331
13.360529020833331,9.8605290125
9.8605290125,10.118862320833337
10.118862320833337,6.262612041666667
6.262612041666667,5.990112062500001
5.990112062500001,9.645112158333337
9.645112158333337,13.415945625
13.415945625,12.990529062499997
12.990529062499997,14.155945729166666
14.155945729166666,9.530112183333332
9.530112183333332,5.619695295833334
5.619695295833334,4.7005286
4.7005286,6.767611991666667
6.767611991666667,7.003445337499998
7.003445337499998,7.311362125
7.311362125,8.880112133333332
8.880112133333332,9.258028883333331
9.258028883333331,4.4426119375
4.4426119375,3.097195264166667
3.097195264166667,3.6626120091666663
3.6626120091666663,3.4059452175
3.4059452175,5.058445233333334
5.058445233333334,5.043445245833333
5.043445245833333,4.672611874999999
4.672611874999999,4.795528757541667
4.795528757541667,10.2063623
10.2063623,9.205112191666668
9.205112191666668,12.41469575
12.41469575,13.349279041666668
13.349279041666668,7.514695395833333
7.514695395833333,2.766778584166667
2.766778584166667,4.918445225
4.918445225,5.4767785375
5.4767785375,3.243861887083334
3.243861887083334,2.0826119666666663
2.0826119666666663,0.2846953082083333
0.2846953082083333,-0.4107214066666665
-0.4107214066666665,-1.0469714016666674
-1.0469714016666674,2.9492786
2.9492786,3.8276119041666674
3.8276119041666674,2.0788619493333336
2.0788619493333336,4.2167786
4.2167786,4.382195312500001
4.382195312500001,-0.2611379975833333
-0.2611379975833333,4.1580286525000005
4.1580286525000005,7.287195316666666
7.287195316666666,2.9109452250000003
2.9109452250000003,3.166361945416666
3.166361945416666,6.720111845833332
6.720111845833332,4.624278583333333
4.624278583333333,3.1817785499999998
3.1817785499999998,1.0096953108750002
1.0096953108750002,1.9667786201666668
1.9667786201666668,2.376778590416667
2.376778590416667,3.4659451916666666
3.4659451916666666,4.6792784916666665
4.6792784916666665,6.484695216666668
6.484695216666668,5.533028537499999
5.533028537499999,4.1976119291666665
4.1976119291666665,4.0763619858333335
4.0763619858333335,6.858445300000002
6.858445300000002,4.71552855
4.71552855,0.6596953232083334
0.6596953232083334,2.180111945583333
2.180111945583333,8.4442788125
8.4442788125,10.6771956875
10.6771956875,7.4905287125000015
7.4905287125000015,5.4476118
5.4476118,8.75927885
8.75927885,10.022612195833332
10.022612195833332,11.254279020833335
11.254279020833335,8.713028812500001
8.713028812500001,6.4167785708333325
6.4167785708333325,6.314278658333332
6.314278658333332,7.813028779166667
7.813028779166667,7.475528762500001
7.475528762500001,6.251361945833335
6.251361945833335,4.6205285625000005
4.6205285625000005,2.495111950833334
2.495111950833334,2.466778598208333
2.466778598208333,5.1034453775
5.1034453775,7.252195283333333
7.252195283333333,3.584695208333333
3.584695208333333,6.508028779166666
6.508028779166666,4.9230286
4.9230286,4.65302855
4.65302855,4.383861891666666
4.383861891666666,8.874278841666666
8.874278841666666,7.104695370833333
7.104695370833333,9.414278804166669
9.414278804166669,9.432612166666663
9.432612166666663,7.084278604166665
7.084278604166665,7.280112104166668
7.280112104166668,6.271778758333332
6.271778758333332,6.878028712499998
6.878028712499998,7.759278720833334
7.759278720833334,8.309278779166666
8.309278779166666,5.007195191666667
5.007195191666667,1.8742786477916664
1.8742786477916664,1.7976119458333335
1.7976119458333335,2.1842786183333334
2.1842786183333334,3.3617786512499994
3.3617786512499994,3.498028620416666
3.498028620416666,2.0226119558333333
2.0226119558333333,2.000111973333333
2.000111973333333,2.7051119220833333
2.7051119220833333,2.184278632083333
2.184278632083333,3.152611955333333
3.152611955333333,1.7221952931666669
1.7221952931666669,1.182611918625
1.182611918625,1.5842786083333331
1.5842786083333331,4.430945371666667
4.430945371666667,7.331362075000001
7.331362075000001,4.443861976666667
4.443861976666667,2.62552862625
2.62552862625,2.1667786181666666
2.1667786181666666,2.490528580291666
2.490528580291666,1.1376119441666666
1.1376119441666666,0.6163619530833332
0.6163619530833332,0.2717786287500001
0.2717786287500001,0.2176119770833331
0.2176119770833331,-3.6357214083333336
-3.6357214083333336,-5.716138154166667
-5.716138154166667,-6.016138029166666
-6.016138029166666,-4.430304722083333
-4.430304722083333,-0.9211380691666664
-0.9211380691666664,0.9821952939583336
0.9821952939583336,4.9646954005833335
4.9646954005833335,8.2996955
8.2996955,9.697612258333336
9.697612258333336,8.290112154166668
8.290112154166668,5.6734453125
5.6734453125,7.939695499999999
7.939695499999999,11.287195445833332
11.287195445833332,11.45677895833333
11.45677895833333,8.900945554166666
8.900945554166666,10.288028954166668
10.288028954166668,7.8246954125
7.8246954125,8.883028762500002
8.883028762500002,6.728028762499999
6.728028762499999,8.713028824999999
8.713028824999999,5.4130285875
5.4130285875,5.3617786
5.3617786,2.8001119470833333
2.8001119470833333,2.686361910833334
2.686361910833334,1.2671952618333335
1.2671952618333335,3.294695298333334
3.294695298333334,6.688028674999999
6.688028674999999,6.913445495416667
6.913445495416667,9.121778770833332
9.121778770833332,8.822612166666666
8.822612166666666,8.122612137499999
8.122612137499999,10.603028970833334
10.603028970833334,7.046778758333333
7.046778758333333,8.695945533333335
8.695945533333335,7.976778779166665
7.976778779166665,6.715111991666668
6.715111991666668,10.376362192083333
10.376362192083333,15.078029250000002
15.078029250000002,11.525529020833332
11.525529020833332,9.501778891666666
9.501778891666666,10.49136225
10.49136225,14.320529058333332
14.320529058333332,15.790945979166665
15.790945979166665,14.049695987500002
14.049695987500002,11.348862325
11.348862325,11.753445433333331
11.753445433333331,13.062195854166667
13.062195854166667,12.20636235416667
12.20636235416667,14.266362391666668
14.266362391666668,15.577612395833333
15.577612395833333,14.847195812500004
14.847195812500004,16.259695958333328
16.259695958333328,16.69302910416667
16.69302910416667,18.08636258333333
18.08636258333333,20.907195833333336
20.907195833333336,21.91219570833333
21.91219570833333,21.565112541666664
21.565112541666664,18.418028875
18.418028875,17.97011254166667
17.97011254166667,17.459279249999998
17.459279249999998,13.370112437500005
13.370112437500005,16.014279249999998
16.014279249999998,15.67677929166667
15.67677929166667,18.8413626875
18.8413626875,13.495529
13.495529,11.0067789
11.0067789,12.958445749999996
12.958445749999996,15.250112500000002
15.250112500000002,16.983445708333335
16.983445708333335,17.095945625000002
17.095945625000002,18.33469583333333
18.33469583333333,18.06802908333333
18.06802908333333,19.235112750000003
19.235112750000003,18.92261260416667
18.92261260416667,13.62302902083333
13.62302902083333,16.317612458333333
16.317612458333333,19.773445937500004
19.773445937500004,12.885945770833333
12.885945770833333,14.127612291666669
14.127612291666669,14.367195666666667
14.367195666666667,13.324278979166664
13.324278979166664,13.793445708333335
13.793445708333335,15.391362354166668
15.391362354166668,15.269695666666667
15.269695666666667,15.0780289375
15.0780289375,17.875945833333333
17.875945833333333,18.88552933333333
18.88552933333333,17.233029041666665
17.233029041666665,19.042195875
19.042195875,20.743445750000003
20.743445750000003,22.149279125000003
22.149279125000003,23.79719575
23.79719575,21.13969583333333
21.13969583333333,21.338029375
21.338029375,21.567612666666665
21.567612666666665,19.17094575
19.17094575,19.0401126875
19.0401126875,19.9917790625
19.9917790625,21.691779416666662
21.691779416666662,20.917612875
20.917612875,22.45302925
22.45302925,21.48011266666667
21.48011266666667,19.278029208333333
19.278029208333333,20.36219595833333
20.36219595833333,21.57761233333333
21.57761233333333,23.41177908333333
23.41177908333333,22.719279
22.719279,18.975112541666668
18.975112541666668,15.860945854166667
15.860945854166667,17.375112416666664
17.375112416666664,19.590112416666667
19.590112416666667,20.777612604166663
20.777612604166663,19.51761266666667
19.51761266666667,19.762195916666663
19.762195916666663,21.662195916666665
21.662195916666665,23.96677958333333
23.96677958333333,22.84969595833333
22.84969595833333,14.8576124375
14.8576124375,15.97219570833333
15.97219570833333,18.149695874999995
18.149695874999995,18.746362541666667
18.746362541666667,20.510112666666668
20.510112666666668,20.247612791666665
20.247612791666665,19.34219583333333
19.34219583333333,22.208862916666664
22.208862916666664,23.745945958333326
23.745945958333326,23.2876125
23.2876125,23.786362541666666
23.786362541666666,24.05386245833333
24.05386245833333,24.524695875000003
24.524695875000003,20.69052925
20.69052925,19.648029291666663
19.648029291666663,20.906362375
20.906362375,21.9438625
21.9438625,21.82927929166667
21.82927929166667,20.05594583333333
20.05594583333333,18.27261239583333
18.27261239583333,20.051778875
20.051778875,22.61094583333333
22.61094583333333,23.977612500000006
23.977612500000006,22.92886225
22.92886225,22.568862541666665
22.568862541666665,22.590112708333333
22.590112708333333,23.388445708333336
23.388445708333336,23.93261258333333
23.93261258333333,23.214279125
23.214279125,20.24886258333333
20.24886258333333,20.990529458333334
20.990529458333334,21.882612250000005
21.882612250000005,23.869696
23.869696,25.515945916666663
25.515945916666663,25.951362708333324
25.951362708333324,25.48177929166667
25.48177929166667,23.088029250000005
23.088029250000005,24.590529333333336
24.590529333333336,27.315946125
27.315946125,28.092195583333336
28.092195583333336,25.730946000000003
25.730946000000003,25.58344595833334
25.58344595833334,26.874279375
26.874279375,27.839279333333337
27.839279333333337,26.621362625
26.621362625,26.089696083333333
26.089696083333333,27.83177920833333
27.83177920833333,26.002196041666668
26.002196041666668,24.29844579166667
24.29844579166667,19.93469591666667
19.93469591666667,20.578029166666663
20.578029166666663,22.484695666666667
22.484695666666667,21.64677920833334
21.64677920833334,19.73636241666667
19.73636241666667,21.575946041666658
21.575946041666658,23.544696041666672
23.544696041666672,22.531779541666666
22.531779541666666,22.253445875
22.253445875,23.739279125
23.739279125,24.373862625
24.373862625,24.463862708333338
24.463862708333338,25.87344595833333
25.87344595833333,25.53344595833333
25.53344595833333,20.641779041666663
20.641779041666663,14.972612333333332
14.972612333333332,14.585529208333334
14.585529208333334,18.897195958333334
18.897195958333334,22.42052933333333
22.42052933333333,22.756362666666664
22.756362666666664,18.479279291666664
18.479279291666664,14.56552895833333
14.56552895833333,15.806362291666671
15.806362291666671,15.735112312499998
15.735112312499998,17.6984458125
17.6984458125,19.034695791666667
19.034695791666667,20.612195791666668
20.612195791666668,20.194696000000004
20.194696000000004,19.08011254166667
19.08011254166667,18.566362375
18.566362375,20.597612708333333
20.597612708333333,22.6301125
22.6301125,23.507196041666663
23.507196041666663,24.068862791666664
24.068862791666664,21.227612416666663
21.227612416666663,18.72094579166667
18.72094579166667,17.998445791666665
17.998445791666665,19.28469570833333
19.28469570833333,21.899696125
21.899696125,22.721779416666678
22.721779416666678,23.23094579166667
23.23094579166667,23.241362250000005
23.241362250000005,21.35177925
21.35177925,16.723445791666666
16.723445791666666,21.020529125
21.020529125,11.810112370833336
11.810112370833336,10.4788621375
10.4788621375,13.061362387500004
13.061362387500004,17.407195791666666
17.407195791666666,18.10761233333333
18.10761233333333,13.368862404166668
13.368862404166668,15.611779095833333
15.611779095833333,11.736778979166663
11.736778979166663,9.656362175000002
9.656362175000002,14.15219572916667
14.15219572916667,13.773029270833334
13.773029270833334,16.49469560416667
16.49469560416667,18.83927908333333
18.83927908333333,16.428862624999997
16.428862624999997,14.857195833333336
14.857195833333336,16.956779208333334
16.956779208333334,17.143862666666667
17.143862666666667,17.300945687499993
17.300945687499993,19.391362583333333
19.391362583333333,18.67052883333333
18.67052883333333,18.07136241666667
18.07136241666667,15.744279125000004
15.744279125000004,16.362612541666664
16.362612541666664,17.005529
17.005529,16.08761241666667
16.08761241666667,13.544279083333336
13.544279083333336,12.846779083333333
12.846779083333333,11.512612325
11.512612325,9.149278733333333
9.149278733333333,10.795528908333331
10.795528908333331,12.944695791666666
12.944695791666666,13.056362416666666
13.056362416666666,11.949695633333333
11.949695633333333,8.488445491666665
8.488445491666665,6.159695225
6.159695225,7.331362075
7.331362075,6.566361991666667
6.566361991666667,8.251362170833335
8.251362170833335,10.1646955625
10.1646955625,11.067612333333331
11.067612333333331,10.229278933333331
10.229278933333331,10.614695675
10.614695675,12.2251125
12.2251125,12.038862541666669
12.038862541666669,13.041779041666668
13.041779041666668,11.368862375
11.368862375,12.293862375000002
12.293862375000002,11.99052887916667
11.99052887916667,13.955529166666665
13.955529166666665,13.136362562500002
13.136362562500002,12.2171956875
12.2171956875,10.354695629166663
10.354695629166663,8.419278770833335
8.419278770833335,6.345528591666668
6.345528591666668,3.627612005916666
3.627612005916666,1.6496952982083333
1.6496952982083333,1.1442785941666669
1.1442785941666669,1.7742786220833338
1.7742786220833338,3.9176119541666665
3.9176119541666665,6.167612045833334
6.167612045833334,5.847612035833333
5.847612035833333,8.493445395833334
8.493445395833334,6.190528720833332
6.190528720833332,5.711361924999999
5.711361924999999,5.330945262500001
5.330945262500001,5.922195383333332
5.922195383333332,8.373862166666667
8.373862166666667,8.414278849999997
8.414278849999997,7.655528779166666
7.655528779166666,11.353029020833333
11.353029020833333,13.312195708333332
13.312195708333332,10.146362341666668
10.146362341666668,9.856362162500002
9.856362162500002,11.310112354166664
11.310112354166664,11.258445674999995
11.258445674999995,7.030945429166667
7.030945429166667,8.246778883333333
8.246778883333333,5.281778504166666
5.281778504166666,3.495945229166665
3.495945229166665,1.4584452915
1.4584452915,-0.0590547216666667
-0.0590547216666667,-1.162388061041667
-1.162388061041667,-0.0423880183333333
-0.0423880183333333,4.6851119641666665
4.6851119641666665,4.4776119375
4.4776119375,2.68177862475
2.68177862475,6.180111954166667
6.180111954166667,6.808445358333334
6.808445358333334,9.42802885416667
9.42802885416667,11.357195666666668
11.357195666666668,10.878029020833331
10.878029020833331,7.997195508333335
7.997195508333335,2.12761196625
2.12761196625,1.27344532875
1.27344532875,3.958862019166667
3.958862019166667,5.465945229166668
5.465945229166668,1.9642786233333336
1.9642786233333336,4.274695204166666
4.274695204166666,5.783445208333333
5.783445208333333,4.839695241666667
4.839695241666667,2.189278605833334
2.189278605833334,0.05219533
0.05219533,1.1896952810833332
1.1896952810833332,1.8934452541666669
1.8934452541666669,3.0288619625
3.0288619625,2.8434452416666662
2.8434452416666662,4.344278604166667
4.344278604166667,2.552611914583333
2.552611914583333,0.3746953208333333
0.3746953208333333,0.5751119870833333
0.5751119870833333,3.666361929166667
3.666361929166667,6.4305285125
6.4305285125,5.473861845833333
5.473861845833333,3.3084452333333325
3.3084452333333325,4.22219537625
4.22219537625,6.020945224999999
6.020945224999999,1.087611955
1.087611955,0.5892786405000001
0.5892786405000001,2.991778584166667
2.991778584166667,0.1230286520833333
0.1230286520833333,-0.3861380341666665
-0.3861380341666665,1.235945297375
1.235945297375,-1.5144713618749994
-1.5144713618749994,-0.89822136375
-0.89822136375,4.507612020000001
4.507612020000001,6.102195291666665
6.102195291666665,2.2809452625
2.2809452625,1.8730286194166663
1.8730286194166663,1.3788619641666664
1.3788619641666664,1.9284452516666668
1.9284452516666668,6.267611975000001
6.267611975000001,5.6596953375000005
5.6596953375000005,1.7988619354166664
1.7988619354166664,0.73136194625
0.73136194625,2.486361925416667
2.486361925416667,2.674695269083333
2.674695269083333,5.078445345833335
5.078445345833335,4.751362
4.751362,8.537612183333334
8.537612183333334,8.498862204166665
8.498862204166665,3.743861908333333
3.743861908333333,3.719278649583334
3.719278649583334,4.29136206
4.29136206,5.748028693333334
5.748028693333334,5.759278744999999
5.759278744999999,8.273028816666669
8.273028816666669,9.4121955375
9.4121955375,8.823445454166665
8.823445454166665,8.438028825
8.438028825,9.385945525000002
9.385945525000002,10.0901122375
10.0901122375,9.481778879166669
9.481778879166669,7.0380286875000015
7.0380286875000015,5.3092787320833335
5.3092787320833335,7.123445458333335
7.123445458333335,9.311362150000004
9.311362150000004,10.3834455
10.3834455,11.283445554166669
11.283445554166669,8.450112170833334
8.450112170833334,8.462612120833333
8.462612120833333,10.346362183333332
10.346362183333332,9.761778929166669
9.761778929166669,7.775112058333335
7.775112058333335,9.82427888875
9.82427888875,8.780528841666667
8.780528841666667,8.489278758333334
8.489278758333334,9.84844555
9.84844555,11.497195645833337
11.497195645833337,4.328445162499999
4.328445162499999,6.7655288360000005
6.7655288360000005,5.952611970833334
5.952611970833334,5.748445279166667
5.748445279166667,10.348862320833335
10.348862320833335,11.286779070833337
11.286779070833337,8.8555289125
8.8555289125,4.5113619625
4.5113619625,6.459278783333333
6.459278783333333,6.052195411666666
6.052195411666666,6.850112148333333
6.850112148333333,10.199279016666663
10.199279016666663,12.545112479166669
12.545112479166669,11.846778899999997
11.846778899999997,8.167195541666667
8.167195541666667,5.785528704166666
5.785528704166666,7.6184454875
7.6184454875,8.218862158333332
8.218862158333332,10.317195608333334
10.317195608333334,13.41011249583334
13.41011249583334,13.921779
13.921779,11.640112350000004
11.640112350000004,14.14094575
14.14094575,7.828862179166667
7.828862179166667,2.3051119383333334
2.3051119383333334,5.880112085833335
5.880112085833335,9.953028975
9.953028975,9.8576123
9.8576123,11.040112333333331
11.040112333333331,10.844695616666668
10.844695616666668,9.054695558333334
9.054695558333334,9.193445520833333
9.193445520833333,7.428862108333333
7.428862108333333,5.085528537499999
5.085528537499999,5.052195437375
5.052195437375,9.982195675
9.982195675,11.043445525
11.043445525,13.858029
13.858029,14.769279050000003
14.769279050000003,16.003862487499998
16.003862487499998,17.059695958333332
17.059695958333332,16.464279
16.464279,16.001779125000002
16.001779125000002,15.933862574999996
15.933862574999996,15.968445791666666
15.968445791666666,14.889278912500004
14.889278912500004,9.930945483333334
9.930945483333334,9.366362191666664
9.366362191666664,7.331778749999999
7.331778749999999,10.132195499999998
10.132195499999998,12.158862354166668
12.158862354166668,13.532612370833334
13.532612370833334,12.992195666666667
12.992195666666667,11.012195666666663
11.012195666666663,6.725945404166667
6.725945404166667,5.147612045041666
5.147612045041666,7.768862116666665
7.768862116666665,11.182612154166664
11.182612154166664,11.575529041666664
11.575529041666664,11.650945650000002
11.650945650000002,12.818862445833338
12.818862445833338,12.940529041666666
12.940529041666666,10.110528891666668
10.110528891666668,10.158028875
10.158028875,9.899278816666666
9.899278816666666,9.493862070833332
9.493862070833332,10.705528862499998
10.705528862499998,13.698029079166664
13.698029079166664,14.665112625
14.665112625,14.052195583333337
14.052195583333337,13.647612375
13.647612375,14.240945666666669
14.240945666666669,15.081362229166666
15.081362229166666,16.324279145833334
16.324279145833334,18.15761254166667
18.15761254166667,16.489279333333332
16.489279333333332,16.941362458333334
16.941362458333334,17.01552916666667
17.01552916666667,13.125112354166664
13.125112354166664,12.570529020833334
12.570529020833334,15.882612458333332
15.882612458333332,18.824279083333334
18.824279083333334,21.24927920833333
21.24927920833333,22.985945625
22.985945625,22.586362958333336
22.586362958333336,23.860945666666662
23.860945666666662,23.77052933333334
23.77052933333334,15.316779229166665
15.316779229166665,17.871778916666667
17.871778916666667,16.238862625
16.238862625,15.668028875
15.668028875,15.955529229166665
15.955529229166665,14.13261241666667
14.13261241666667,15.827612666666663
15.827612666666663,19.00636245833333
19.00636245833333,21.472612520833326
21.472612520833326,19.298862291666666
19.298862291666666,18.111779
18.111779,20.53177925
20.53177925,23.438445791666663
23.438445791666663,24.463862875000007
24.463862875000007,19.969695875
19.969695875,19.025946166666667
19.025946166666667,17.886779270833333
17.886779270833333,21.07344558333333
21.07344558333333,24.455946208333327
24.455946208333327,27.482196125
27.482196125,30.493862833333328
30.493862833333328,27.599278958333343
27.599278958333343,24.3038625
24.3038625,25.637612500000003
25.637612500000003,28.493445916666666
28.493445916666666,27.66219575
27.66219575,22.130112041666667
22.130112041666667,21.235112458333337
21.235112458333337,20.71136254166667
20.71136254166667,23.879279291666663
23.879279291666663,25.36927929166667
25.36927929166667,22.427195791666666
22.427195791666666,18.06594595833333
18.06594595833333,17.427195791666666
17.427195791666666,17.67761229166667
17.67761229166667,19.198029375
19.198029375,20.211778833333337
20.211778833333337,18.892612375
18.892612375,17.714279333333334
17.714279333333334,18.5155293125
18.5155293125,20.065529354166667
20.065529354166667,22.25261270833334
22.25261270833334,23.180945958333336
23.180945958333336,23.316779166666667
23.316779166666667,25.433446041666667
25.433446041666667,24.41344604166666
24.41344604166666,24.153862791666665
24.153862791666665,26.613862666666662
26.613862666666662,28.689279000000003
28.689279000000003,29.299279125
29.299279125,29.203029416666663
29.203029416666663,22.07177941666667
22.07177941666667,18.684695958333336
18.684695958333336,20.96219579166667
20.96219579166667,22.79386275
22.79386275,20.363445875000004
20.363445875000004,20.84177941666667
20.84177941666667,21.994696
21.994696,20.98969595833333
20.98969595833333,22.126779145833336
22.126779145833336,25.187612375
25.187612375,24.72969595833333
24.72969595833333,19.84177933333333
19.84177933333333,21.405946041666667
21.405946041666667,26.01511266666668
26.01511266666668,22.624696
22.624696,21.16052883333333
21.16052883333333,16.827612416666664
16.827612416666664,17.784279291666667
17.784279291666667,18.3326125
18.3326125,19.25594597916667
19.25594597916667,19.871779291666662
19.871779291666662,21.49219616666667
21.49219616666667,24.396779166666672
24.396779166666672,21.72469583333333
21.72469583333333,16.277195625
16.277195625,17.506362166666666
17.506362166666666,19.055529125
19.055529125,21.646362833333335
21.646362833333335,22.612612875
22.612612875,23.519279041666664
23.519279041666664,24.163446041666663
24.163446041666663,24.563862541666666
24.563862541666666,26.40802941666667
26.40802941666667,24.707612416666667
24.707612416666667,24.055529166666663
24.055529166666663,24.427196124999995
24.427196124999995,21.875112416666667
21.875112416666667,17.833445958333332
17.833445958333332,17.72552920833333
17.72552920833333,19.69844583333333
19.69844583333333,16.286779270833332
16.286779270833332,15.04886260416667
15.04886260416667,16.98552885416667
16.98552885416667,12.848029020833328
12.848029020833328,14.078862354166665
14.078862354166665,16.210945812499997
16.210945812499997,16.863862520833333
16.863862520833333,19.9313625
19.9313625,20.573862583333334
20.573862583333334,20.67719577083333
20.67719577083333,22.071362625000003
22.071362625000003,23.32719575
23.32719575,18.7801125
18.7801125,14.198445874999996
14.198445874999996,12.118028887500005
12.118028887500005,12.9321955125
12.9321955125,16.287195916666665
16.287195916666665,19.462195666666663
19.462195666666663,15.933862291666667
15.933862291666667,15.409695999999997
15.409695999999997,15.973445875000005
15.973445875000005,17.626362458333332
17.626362458333332,17.390112624999997
17.390112624999997,15.882612416666667
15.882612416666667,18.44052908333333
18.44052908333333,16.941362729166666
16.941362729166666,17.651778729166665
17.651778729166665,13.677612375000004
13.677612375000004,10.3442789
10.3442789,11.868029000000002
11.868029000000002,12.877612374999998
12.877612374999998,13.7201125
13.7201125,11.6734456875
11.6734456875,15.358862395833333
15.358862395833333,13.10761233333333
13.10761233333333,12.115529
12.115529,13.960112279166667
13.960112279166667,17.695945875
17.695945875,19.348862458333333
19.348862458333333,18.402612541666667
18.402612541666667,13.509279104166666
13.509279104166666,12.873445666666669
12.873445666666669,16.283445770833335
16.283445770833335,16.245945916666667
16.245945916666667,14.784695708333333
14.784695708333333,16.966779041666666
16.966779041666666,15.043862375000002
15.043862375000002,14.8351125
14.8351125,15.610945708333338
15.610945708333338,15.870529166666666
15.870529166666666,14.733862375
14.733862375,15.16886241666667
15.16886241666667,15.935529145833335
15.935529145833335,9.238862204166669
9.238862204166669,9.569279041666668
9.569279041666668,9.8221956875
9.8221956875,10.577195666666666
10.577195666666666,12.1788624125
12.1788624125,15.011779145833335
15.011779145833335,12.005529041666668
12.005529041666668,11.268029025
11.268029025,9.6455288625
9.6455288625,9.035112225
9.035112225,7.323862087499999
7.323862087499999,6.020528466666668
6.020528466666668,6.233028679166666
6.233028679166666,4.952612021249999
4.952612021249999,5.736778699999999
5.736778699999999,5.764695329166664
5.764695329166664,4.942611987499999
4.942611987499999,5.481361987499999
5.481361987499999,6.384695354166666
6.384695354166666,5.353862020833333
5.353862020833333,2.831361925
2.831361925,4.238861891666667
4.238861891666667,4.295528554166666
4.295528554166666,5.068861975000001
5.068861975000001,5.690945320833333
5.690945320833333,6.841778712500001
6.841778712500001,8.041778808333332
8.041778808333332,8.45802884166667
8.45802884166667,9.158862191666666
9.158862191666666,10.536362245833333
10.536362245833333,10.269695566666668
10.269695566666668,9.972195708333334
9.972195708333334,8.64552895
8.64552895,4.913028512500001
4.913028512500001,3.716361858333333
3.716361858333333,2.8880285745833336
2.8880285745833336,1.2042786066666669
1.2042786066666669,1.0513619387500002
1.0513619387500002,3.5230285883333328
3.5230285883333328,5.232195295833333
5.232195295833333,8.633862149999999
8.633862149999999,9.138445495833336
9.138445495833336,7.13344525
7.13344525,3.2159452556249994
3.2159452556249994,3.514695252083333
3.514695252083333,3.830111883333334
3.830111883333334,5.2792785875
5.2792785875,7.4055287625
7.4055287625,11.756362354166669
11.756362354166669,8.763445537499999
8.763445537499999,8.573862075000001
8.573862075000001,10.641362333333332
10.641362333333332,7.410945383333336
7.410945383333336,7.610112129166666
7.610112129166666,6.509695354166666
6.509695354166666,7.817195429166666
7.817195429166666,6.399695337499999
6.399695337499999,7.793445504166667
7.793445504166667,6.776778654166667
6.776778654166667,5.366778599999999
5.366778599999999,7.679695354166668
7.679695354166668,4.38594525
4.38594525,1.3284452989166666
1.3284452989166666,3.461778591666666
3.461778591666666,5.2180286
5.2180286,2.91052860375
2.91052860375,4.2809452625
4.2809452625,6.733862025
6.733862025,5.961778591666668
5.961778591666668,3.3401119254166662
3.3401119254166662,2.9721953200000004
2.9721953200000004,5.428445216666667
5.428445216666667,5.526362070833333
5.526362070833333,10.383029020833336
10.383029020833336,8.22886217916667
8.22886217916667,5.429278604166666
5.429278604166666,3.8392786125
3.8392786125,6.303445362500001
6.303445362500001,8.697195466666669
8.697195466666669,7.6338621375
7.6338621375,7.8438620875
7.8438620875,5.923028575000001
5.923028575000001,3.925945225
3.925945225,1.1896952977916666
1.1896952977916666,1.7126119299999998
1.7126119299999998,0.93177862
0.93177862,0.7755286172916666
0.7755286172916666,0.9542786175
0.9542786175,6.685112104166667
6.685112104166667,7.9530287208333315
7.9530287208333315,6.767612095833333
6.767612095833333,8.473028795833333
8.473028795833333,6.102195295833332
6.102195295833332,5.0842785375
5.0842785375,7.696778820833334
7.696778820833334,12.040945708333332
12.040945708333332,10.664695620833337
10.664695620833337,12.241779020833333
12.241779020833333,13.242195708333332
13.242195708333332,6.069278625000002
6.069278625000002,2.785945234458333
2.785945234458333,3.331778604291667
3.331778604291667,3.540528682083334
3.540528682083334,5.582195366666666
5.582195366666666,8.400528854166666
8.400528854166666,9.349695670833334
9.349695670833334,5.672611954166668
5.672611954166668,4.691778566666667
4.691778566666667,6.6563621
6.6563621,7.061778720833334
7.061778720833334,8.067612112499999
8.067612112499999,13.300112458333333
13.300112458333333,10.655112362500002
10.655112362500002,6.164278662499998
6.164278662499998,5.681778575
5.681778575,8.049695479166667
8.049695479166667,6.570112075
6.570112075,8.3859454875
8.3859454875,12.497195666666668
12.497195666666668,12.833029083333336
12.833029083333336,9.262195604166669
9.262195604166669,3.1313618916666663
3.1313618916666663,3.829695331666666
3.829695331666666,5.098028773958333
5.098028773958333,10.797195649999995
10.797195649999995,8.775112166666668
8.775112166666668,6.665945337499999
6.665945337499999,4.790528564166666
4.790528564166666,6.685945445833333
6.685945445833333,7.9667787416666656
7.9667787416666656,6.009278541666666
6.009278541666666,5.2213619625000005
5.2213619625000005,7.410528812500001
7.410528812500001,7.015111995833334
7.015111995833334,7.038445416666669
7.038445416666669,13.000945729166665
13.000945729166665,12.795112354166664
12.795112354166664,8.28552885
8.28552885,8.471778791666667
8.471778791666667,9.158862254166667
9.158862254166667,11.499279079166667
11.499279079166667,13.2438623125
13.2438623125,13.537612395833332
13.537612395833332,14.573028999999998
14.573028999999998,13.476362458333332
13.476362458333332,8.968445612500002
8.968445612500002,6.051778670833333
6.051778670833333,3.240945367791667
3.240945367791667,3.8609453511250007
3.8609453511250007,3.371362050833333
3.371362050833333,4.664278745
4.664278745,7.083862118750001
7.083862118750001,10.577612245833333
10.577612245833333,4.6146952500000005
4.6146952500000005,4.6680286833333335
4.6680286833333335,3.988445405
3.988445405,5.05844542025
5.05844542025,8.494695445833335
8.494695445833335,8.469278766666667
8.469278766666667,10.53011235
10.53011235,12.468445525
12.468445525,14.42719575
14.42719575,16.278862666666665
16.278862666666665,16.495529062499998
16.495529062499998,17.425529124999997
17.425529124999997,16.618445854166662
16.618445854166662,16.934695958333336
16.934695958333336,17.7788625
17.7788625,16.105945916666663
16.105945916666663,8.168445502499997
8.168445502499997,10.704278924166667
10.704278924166667,16.305945958333336
16.305945958333336,18.936779166666664
18.936779166666664,19.245112375
19.245112375,17.840946145833335
17.840946145833335,15.46052910416667
15.46052910416667,15.490529041666669
15.490529041666669,14.716779
14.716779,15.995945875
15.995945875,17.550945833333333
17.550945833333333,17.311362312500002
17.311362312500002,16.09844577083333
16.09844577083333,17.015945666666664
17.015945666666664,14.611362375
14.611362375,13.161779041666668
13.161779041666668,12.552612354166667
12.552612354166667,11.596362287499998
11.596362287499998,11.472195654166669
11.472195654166669,12.996778987499995
12.996778987499995,16.438862541666666
16.438862541666666,12.984279020833334
12.984279020833334,13.743029125000003
13.743029125000003,14.800112316666665
14.800112316666665,19.897195916666664
19.897195916666664,21.59302920833333
21.59302920833333,20.73261258333333
20.73261258333333,9.667612170833335
9.667612170833335,9.875112266666669
9.875112266666669,12.023028837500004
12.023028837500004,12.190112395833332
12.190112395833332,12.245945658333332
12.245945658333332,13.817612229166665
13.817612229166665,15.185112416666664
15.185112416666664,16.587612583333335
16.587612583333335,18.6030290625
18.6030290625,18.611779291666668
18.611779291666668,19.415529125
19.415529125,21.573862625000004
21.573862625000004,14.398445875000002
14.398445875000002,14.121362375
14.121362375,15.593445708333334
15.593445708333334,15.680945854166666
15.680945854166666,16.40844600416667
16.40844600416667,17.289695749999996
17.289695749999996,15.60219559583333
15.60219559583333,15.513862250000004
15.513862250000004,15.480528933333336
15.480528933333336,17.693862624999998
17.693862624999998,19.926779083333336
19.926779083333336,19.511779041666667
19.511779041666667,16.05344566666667
16.05344566666667,14.629278958333332
14.629278958333332,16.05719566666667
16.05719566666667,14.580112541666669
14.580112541666669,14.815529229166666
14.815529229166666,13.625945666666665
13.625945666666665,14.465112375000002
14.465112375000002,16.62594575
16.62594575,19.72677908333333
19.72677908333333,17.355945708333333
17.355945708333333,16.768862562499997
16.768862562499997,17.849278875
17.849278875,17.700945687499996
17.700945687499996,14.996362437499997
14.996362437499997,15.508862437500005
15.508862437500005,16.307612479166668
16.307612479166668,17.733862541666664
17.733862541666664,19.848445708333333
19.848445708333333,20.202196166666663
20.202196166666663,21.29261245833334
21.29261245833334,21.929695833333337
21.929695833333337,22.85594625
22.85594625,23.771362499999995
23.771362499999995,24.35386270833333
24.35386270833333,21.24219604166667
21.24219604166667,19.116362625
19.116362625,19.524695729166663
19.524695729166663,23.402195791666667
23.402195791666667,20.629279083333333
20.629279083333333,19.18344570833333
19.18344570833333,19.99844608333333
19.99844608333333,21.737612125
21.737612125,18.399279250000003
18.399279250000003,17.854279000000002
17.854279000000002,20.551779125
20.551779125,24.223029291666663
24.223029291666663,23.36761266666667
23.36761266666667,17.515945749999997
17.515945749999997,18.58427925
18.58427925,19.4130291875
19.4130291875,20.633029375
20.633029375,18.398446041666663
18.398446041666663,17.668029124999993
17.668029124999993,17.523445749999997
17.523445749999997,19.52094575
19.52094575,22.060112875
22.060112875,24.169279291666665
24.169279291666665,22.18177920833334
22.18177920833334,21.207196083333336
21.207196083333336,22.570112708333337
22.570112708333337,21.40802929166667
21.40802929166667,21.746362750000003
21.746362750000003,22.166779083333328
22.166779083333328,24.04844604166666
24.04844604166666,24.13844575
24.13844575,22.06427933333333
22.06427933333333,24.41177908333333
24.41177908333333,27.402612750000003
27.402612750000003,27.45011275
27.45011275,22.2334455
22.2334455,17.924279208333335
17.924279208333335,16.341362479166666
16.341362479166666,18.53219545833333
18.53219545833333,20.75344583333333
20.75344583333333,23.731362625000003
23.731362625000003,25.49094595833333
25.49094595833333,26.229279625
26.229279625,26.653029125
26.653029125,27.071779125000003
27.071779125000003,27.36177879166667
27.36177879166667,25.96094591666667
25.96094591666667,21.56177920833333
21.56177920833333,22.557195666666672
22.557195666666672,23.510946083333337
23.510946083333337,20.80594558333333
20.80594558333333,19.835945916666667
19.835945916666667,22.08302933333333
22.08302933333333,25.705529
25.705529,26.83469570833333
26.83469570833333,22.198029416666667
22.198029416666667,19.730112291666668
19.730112291666668,19.376362687499995
19.376362687499995,20.50386225
20.50386225,21.86636266666667
21.86636266666667,20.256779416666664
20.256779416666664,18.643862541666667
18.643862541666667,15.507195604166665
15.507195604166665,13.490945687499996
13.490945687499996,15.64969583333333
15.64969583333333,15.703862416666668
15.703862416666668,16.874695875
16.874695875,18.53177925
18.53177925,21.84677920833333
21.84677920833333,22.106779083333336
22.106779083333336,17.851362562500004
17.851362562500004,16.557612625
16.557612625,18.131362499999994
18.131362499999994,20.45886258333333
20.45886258333333,20.645945875
20.645945875,20.543445958333333
20.543445958333333,22.338862375
22.338862375,22.477612583333336
22.477612583333336,23.500112375000004
23.500112375000004,25.115112541666665
25.115112541666665,25.12469583333333
25.12469583333333,21.213862625
21.213862625,19.873862375
19.873862375,19.76052925
19.76052925,20.64177925
20.64177925,20.507612625
20.507612625,20.42386258333333
20.42386258333333,19.09677925
19.09677925,18.450529291666665
18.450529291666665,11.270112374999998
11.270112374999998,8.518445524999999
8.518445524999999,9.902195525
9.902195525,10.693028870833333
10.693028870833333,13.178862395833333
13.178862395833333,14.975945875
14.975945875,14.9851125
14.9851125,14.995945749999995
14.995945749999995,12.032195666666668
12.032195666666668,13.032612520833329
13.032612520833329,11.961362354166669
11.961362354166669,13.516779020833336
13.516779020833336,11.943028999999996
11.943028999999996,14.753862375
14.753862375,15.75844575
15.75844575,11.660945687499998
11.660945687499998,8.620945529166667
8.620945529166667,9.290945516666667
9.290945516666667,10.083445558333333
10.083445558333333,8.717195425
8.717195425,8.596778837499999
8.596778837499999,9.741778929166664
9.741778929166664,9.213445525
9.213445525,9.575112233333334
9.575112233333334,9.715945508333334
9.715945508333334,12.095529033333332
12.095529033333332,16.46511258333334
16.46511258333334,15.747195645833331
15.747195645833331,14.215112375000004
14.215112375000004,13.050945750000002
13.050945750000002,13.55927904583333
13.55927904583333,9.831362329166666
9.831362329166666,9.1296954875
9.1296954875,12.885112333333332
12.885112333333332,12.985945708333334
12.985945708333334,14.123862458333331
14.123862458333331,12.98886242083333
12.98886242083333,15.276362520833333
15.276362520833333,19.298445708333336
19.298445708333336,12.06927910416667
12.06927910416667,9.03511225
9.03511225,8.449278825
8.449278825,7.741362141666666
7.741362141666666,10.368028825
10.368028825,12.63844575
12.63844575,13.037612333333335
13.037612333333335,11.67927901666667
11.67927901666667,11.035112316666664
11.035112316666664,10.139695499999998
10.139695499999998,12.0830290625
12.0830290625,11.727612583333334
11.727612583333334,13.1813623125
13.1813623125,10.518862320833332
10.518862320833332,9.706362250000002
9.706362250000002,9.185528820833335
9.185528820833335,9.886362254166668
9.886362254166668,5.7305286125
5.7305286125,3.5996952539583336
3.5996952539583336,5.759695295833335
5.759695295833335,6.752195383333333
6.752195383333333,5.230945295833333
5.230945295833333,6.160528683333333
6.160528683333333,7.389695395833333
7.389695395833333,6.264695358333333
6.264695358333333,4.292611891666668
4.292611891666668,0.3055286494166666
0.3055286494166666,0.5280286204166668
0.5280286204166668,3.3971952291666665
3.3971952291666665,2.875111914583333
2.875111914583333,2.9942785840416666
2.9942785840416666,4.753861920833334
4.753861920833334,3.877195237500001
3.877195237500001,4.288861912500001
4.288861912500001,3.944695249999999
3.944695249999999,2.85844530625
2.85844530625,2.5096952249999998
2.5096952249999998,0.8167786405
0.8167786405,2.661778622125
2.661778622125,7.265112062499999
7.265112062499999,6.097195208333335
6.097195208333335,6.2280286916666645
6.2280286916666645,8.169278775
8.169278775,8.008445370833334
8.008445370833334,7.308862112500001
7.308862112500001,6.892195362499998
6.892195362499998,6.303862066666665
6.303862066666665,7.493028729166667
7.493028729166667,7.994278766666665
7.994278766666665,13.46344572916667
13.46344572916667,13.337195645833331
13.337195645833331,8.0788621625
8.0788621625,1.8171953091666664
1.8171953091666664,0.1730286315833333
0.1730286315833333,3.021778596666667
3.021778596666667,4.456361816666667
4.456361816666667,4.6434451958333325
4.6434451958333325,2.88052858375
2.88052858375,2.817611916666667
2.817611916666667,1.581361965833333
1.581361965833333,1.2346953022500002
1.2346953022500002,0.2513619670833334
0.2513619670833334,0.5184452944583334
0.5184452944583334,0.3642786595833333
0.3642786595833333,1.7142786060416668
1.7142786060416668,0.8984452875000003
0.8984452875000003,0.3521952987499999
0.3521952987499999,-0.5778047173333336
-0.5778047173333336,-1.5728047483333336
-1.5728047483333336,-2.078221391166667
-2.078221391166667,2.5046952475
2.5046952475,3.38761193875
3.38761193875,1.5201120316666663
1.5201120316666663,-0.8515546538750001
-0.8515546538750001,-2.0123880851250004
-2.0123880851250004,2.0117786275
2.0117786275,2.1230286050000005
2.1230286050000005,2.2146953291666667
2.2146953291666667,4.384695337499999
4.384695337499999,8.024695504166667
8.024695504166667,8.674695579166666
8.674695579166666,4.007611904166667
4.007611904166667,1.8863619475
1.8863619475,1.5859453045833334
1.5859453045833334,0.9667786255416666
0.9667786255416666,2.458028608333333
2.458028608333333,8.699695516666669
8.699695516666669,9.3159455625
9.3159455625,7.211362045833333
7.211362045833333,6.533028712499999
6.533028712499999,8.417612095833334
8.417612095833334,9.573862166666666
9.573862166666666,11.571362354166666
11.571362354166666,9.132612183333334
9.132612183333334,10.2630289
10.2630289,9.913445508333332
9.913445508333332,7.168862016666666
7.168862016666666,2.2980286170833337
2.2980286170833337,1.533445296666667
1.533445296666667,-2.7761380833333327
-2.7761380833333327,-4.9148881
-4.9148881,-3.1361380958333345
-3.1361380958333345,-3.8623880928333354
-3.8623880928333354,-2.4107213685000004
-2.4107213685000004,3.130528609375
3.130528609375,7.706362066666666
7.706362066666666,9.351362179166667
9.351362179166667,9.024278858333334
9.024278858333334,11.566362333333332
11.566362333333332,10.233445441666666
10.233445441666666,9.244278783333334
9.244278783333334,9.486361988333334
9.486361988333334,12.732195791666667
12.732195791666667,12.982195812500002
12.982195812500002,13.295945875
13.295945875,11.029695633333333
11.029695633333333,7.812195325000001
7.812195325000001,4.21386204875
4.21386204875,6.581362098749999
6.581362098749999,8.963862087499999
8.963862087499999,11.1446956
11.1446956,10.5405289625
10.5405289625,6.590945283333333
6.590945283333333,4.613028701875
4.613028701875,6.4467788125000025
6.4467788125000025,5.036778710416667
5.036778710416667,4.897195424166667
4.897195424166667,7.630945433333333
7.630945433333333,11.076362375
11.076362375,7.710945391666667
7.710945391666667,8.1880287875
8.1880287875,4.707611916666665
4.707611916666665,5.648445266666667
5.648445266666667,3.753028589583333
3.753028589583333,4.039695241666666
4.039695241666666,3.08011195
3.08011195,2.977611924583333
2.977611924583333,1.3867786316666668
1.3867786316666668,3.675528721666667
3.675528721666667,3.745945259166667
3.745945259166667,5.7571954537500005
5.7571954537500005,9.669695491666667
9.669695491666667,11.049278895833334
11.049278895833334,12.263445600000002
12.263445600000002,8.642195491666667
8.642195491666667,9.692195525
9.692195525,13.5121955
13.5121955,15.925945791666669
15.925945791666669,17.453862291666667
17.453862291666667,18.527612416666667
18.527612416666667,11.135112270833332
11.135112270833332,6.612195370833335
6.612195370833335,7.233862156666665
7.233862156666665,6.880112094166665
6.880112094166665,1.42969528375
1.42969528375,2.4092785679166666
2.4092785679166666,6.448028782083334
6.448028782083334,10.4138622625
10.4138622625,13.536779062499996
13.536779062499996,12.848029045833336
12.848029045833336,5.1396952916666665
5.1396952916666665,4.218861944875
4.218861944875,5.004278703625
5.004278703625,4.66136202875
4.66136202875,4.86886210375
4.86886210375,7.038862145833332
7.038862145833332,8.323028775
8.323028775,9.6446955375
9.6446955375,11.195528887499997
11.195528887499997,12.179279041666666
12.179279041666666,11.687195733333336
11.687195733333336,11.141362129166666
11.141362129166666,12.126362208333331
12.126362208333331,12.44511215416667
12.44511215416667,11.286778858333331
11.286778858333331,10.950528854166665
10.950528854166665,14.248029291666668
14.248029291666668,12.788862374999995
12.788862374999995,10.689279020833332
10.689279020833332,10.045112233333333
10.045112233333333,8.597195491666666
8.597195491666666,9.854278837500004
9.854278837500004,12.437195754166666
12.437195754166666,9.641778920833332
9.641778920833332,10.291778929166666
10.291778929166666,9.869278854166668
9.869278854166668,13.593445762499998
13.593445762499998,18.496362550000004
18.496362550000004,15.57594591666667
15.57594591666667,12.172195624999995
12.172195624999995,12.454695666666668
12.454695666666668,11.518445666666668
11.518445666666668,10.720945579166663
10.720945579166663,10.798445545833331
10.798445545833331,12.146779020833335
12.146779020833335,11.199279000000002
11.199279000000002,11.629695666666665
11.629695666666665,10.339279041666666
10.339279041666666,12.163862466666664
12.163862466666664,13.180112479166668
13.180112479166668,12.448445916666666
12.448445916666666,12.367612479166668
12.367612479166668,12.891362633333337
12.891362633333337,11.013445558333332
11.013445558333332,13.322195812499997
13.322195812499997,13.477612333333331
13.477612333333331,15.022195625
15.022195625,15.904279333333331
15.904279333333331,14.855945925
14.855945925,14.907195799999997
14.907195799999997,18.140945791666667
18.140945791666667,19.6746958125
19.6746958125,21.48636258333333
21.48636258333333,21.81844595833333
21.81844595833333,17.22927925
17.22927925,17.200529041666666
17.200529041666666,17.71344579166667
17.71344579166667,17.417195791666668
17.417195791666668,18.710528958333335
18.710528958333335,20.446779083333336
20.446779083333336,21.531362583333333
21.531362583333333,22.750112583333333
22.750112583333333,20.07969579166667
20.07969579166667,20.600529250000005
20.600529250000005,23.81886266666667
23.81886266666667,25.76802933333333
25.76802933333333,26.99011270833334
26.99011270833334,26.780529125000005
26.780529125000005,26.952195750000005
26.952195750000005,23.24261258333333
23.24261258333333,22.43094579166667
22.43094579166667,19.842195875
19.842195875,18.71927922916667
18.71927922916667,17.46927933333333
17.46927933333333,17.817195833333333
17.817195833333333,19.86344595833333
19.86344595833333,23.738862416666663
23.738862416666663,23.983862416666668
23.983862416666668,18.363862583333336
18.363862583333336,15.540529041666671
15.540529041666671,17.234279000000004
17.234279000000004,19.83136270833333
19.83136270833333,20.62761258333333
20.62761258333333,17.839696000000004
17.839696000000004,19.123445875
19.123445875,17.692195791666666
17.692195791666666,18.8938625
18.8938625,17.97427925
17.97427925,18.38969595833333
18.38969595833333,20.444279104166668
20.444279104166668,18.92677897916667
18.92677897916667,21.873446
21.873446,16.827612499999997
16.827612499999997,15.92761270833333
15.92761270833333,16.41427945833333
16.41427945833333,17.162195916666665
17.162195916666665,19.078862375
19.078862375,21.296362416666668
21.296362416666668,21.130112541666666
21.130112541666666,20.446779333333332
20.446779333333332,21.123445666666665
21.123445666666665,21.72802945833333
21.72802945833333,23.474696291666664
23.474696291666664,23.304695833333337
23.304695833333337,20.852195875
20.852195875,20.06969575
20.06969575,20.398028875
20.398028875,20.398446125000003
20.398446125000003,21.31219616666667
21.31219616666667,22.206362375
22.206362375,21.024696
21.024696,15.687195979166669
15.687195979166669,17.2963625
17.2963625,16.437195666666664
16.437195666666664,16.42802910416667
16.42802910416667,17.663445708333334
17.663445708333334,19.250529125000003
19.250529125000003,17.827196125000004
17.827196125000004,17.063029083333333
17.063029083333333,19.29927920833333
19.29927920833333,22.303029
22.303029,23.847195875
23.847195875,25.28927929166666
25.28927929166666,26.65344591666667
26.65344591666667,26.241362916666663
26.241362916666663,25.312195916666667
25.312195916666667,19.699695833333333
19.699695833333333,17.450946
17.450946,18.33761245833333
18.33761245833333,19.06469575
19.06469575,20.928029125000005
20.928029125000005,22.895529041666663
22.895529041666663,20.05761245833333
20.05761245833333,17.393446
17.393446,17.723029125
17.723029125,17.13052927083334
17.13052927083334,17.078445625
17.078445625,15.443445666666664
15.443445666666664,15.283862479166666
15.283862479166666,15.442612416666668
15.442612416666668,16.27552922916667
16.27552922916667,16.755529229166665
16.755529229166665,16.885112499999998
16.885112499999998,17.874695874999997
17.874695874999997,20.078862604166662
20.078862604166662,21.56427941666667
21.56427941666667,21.707196041666663
21.707196041666663,21.572612791666668
21.572612791666668,21.45552920833333
21.45552920833333,21.343862520833337
21.343862520833337,22.77261270833333
22.77261270833333,19.835945708333327
19.835945708333327,19.46552954166667
19.46552954166667,19.787195916666672
19.787195916666672,20.955529375
20.955529375,21.72969583333333
21.72969583333333,20.71302895833333
20.71302895833333,18.8417795
18.8417795,17.661778958333333
17.661778958333333,17.53719579166667
17.53719579166667,13.735112333333332
13.735112333333332,15.305945791666666
15.305945791666666,14.8434456875
14.8434456875,14.295112458333335
14.295112458333335,15.382195583333331
15.382195583333331,17.810112291666666
17.810112291666666,20.022612541666664
20.022612541666664,17.773029041666664
17.773029041666664,18.136779208333333
18.136779208333333,16.254695833333333
16.254695833333333,15.068862333333335
15.068862333333335,12.538029125
12.538029125,14.9984458875
14.9984458875,17.688445791666666
17.688445791666666,16.441779125
16.441779125,12.905112333333337
12.905112333333337,13.024278958333332
13.024278958333332,11.590945666666665
11.590945666666665,11.800112374999998
11.800112374999998,11.465945583333337
11.465945583333337,9.707195475
9.707195475,9.524695520833331
9.524695520833331,9.856362179166664
9.856362179166664,10.64677895
10.64677895,9.208028829166668
9.208028829166668,9.527612137499998
9.527612137499998,11.569279008333334
11.569279008333334,11.002612225
11.002612225,11.788862254166668
11.788862254166668,13.738862437500003
13.738862437500003,14.850112458333331
14.850112458333331,16.369279375
16.369279375,14.47344570833333
14.47344570833333,9.488445462499998
9.488445462499998,8.474695399999998
8.474695399999998,9.006778808333333
9.006778808333333,12.233028995833331
12.233028995833331,13.351778916666666
13.351778916666666,11.388445608333337
11.388445608333337,11.3188623
11.3188623,12.1209456875
12.1209456875,10.4992789125
10.4992789125,14.253445770833336
14.253445770833336,11.907612395833338
11.907612395833338,8.750945475
8.750945475,7.938028762500001
7.938028762500001,6.934695312500001
6.934695312500001,7.748028687500001
7.748028687500001,7.316778716666666
7.316778716666666,7.0080286916666665
7.0080286916666665,6.747195320833332
6.747195320833332,4.565111977916666
4.565111977916666,6.895528779166667
6.895528779166667,7.852612116666665
7.852612116666665,7.993862120833334
7.993862120833334,9.360528808333331
9.360528808333331,9.389695624999998
9.389695624999998,5.831778675
5.831778675,5.307611933333334
5.307611933333334,5.576778604166667
5.576778604166667,6.265528737499999
6.265528737499999,6.693028733333333
6.693028733333333,6.615945366666666
6.615945366666666,6.7242787041666645
6.7242787041666645,6.633862008333334
6.633862008333334,2.43094532625
2.43094532625,1.410945307291667
1.410945307291667,2.257195279041667
2.257195279041667,3.2167786129166664
3.2167786129166664,3.715945215416666
3.715945215416666,2.0659453208333334
2.0659453208333334,2.013445246916666
2.013445246916666,3.439278618333333
3.439278618333333,7.978445429166666
7.978445429166666,3.67261190125
3.67261190125,1.6063619601666663
1.6063619601666663,6.9180287625
6.9180287625,3.3892785916666672
3.3892785916666672,2.7096952375
2.7096952375,4.282611875
4.282611875,4.892195208333334
4.892195208333334,3.1921952587500004
3.1921952587500004,2.237195281083333
2.237195281083333,2.510111965833333
2.510111965833333,2.926361911583333
2.926361911583333,4.671778620833334
4.671778620833334,4.5834453108333335
4.5834453108333335,4.135945225
4.135945225,3.6917785416666655
3.6917785416666655,0.9105286362083332
0.9105286362083332,1.0117786487499998
1.0117786487499998,1.0809453166666667
1.0809453166666667,0.9105286222083334
0.9105286222083334,-1.463221406666667
-1.463221406666667,-1.105721415
-1.105721415,3.066778615
3.066778615,7.450528741666665
7.450528741666665,8.410945487500001
8.410945487500001,6.760112108333332
6.760112108333332,7.133862166666666
7.133862166666666,9.5667789625
9.5667789625,9.395528854166669
9.395528854166669,12.667195708333333
12.667195708333333,10.165112254166669
